split,file,gloss
train,20880000068819649-WEAVE,WEAVE
train,8450645349294537-ADVERTISE,ADVERTISE
train,45613794376693106-DEMOTE,DEMOTE
train,6416278179941874-WEAVE,WEAVE
train,28165779316856177-STACK 3,STACK2
train,10857326791414024-BOAT,BOAT
train,8441043604725313-FUNNY,FUNNY
train,3820328035975771-PUNCH FACE,PUNCHFACE
train,6869661482649054-WEAVE,WEAVE
train,6764651962786699-ADVERTISE,ADVERTISE
train,8448676184696655-TOW 3,TOW1
train,9971994773105604-DEMOTE,DEMOTE
train,34182074647150995-NURSE,NURSE
train,13678451685096915-PIPE 3,PIPE3
train,47788320315336663-BICYCLE,BICYCLE
train,916287850917487-BOAT,BOAT
train,7447838033895864-SHOULD,SHOULD
train,16745069113802313-PHILOSOPHY,PHILOSOPHY
train,5931559715589938-REACT,REACT
train,07940899233931042-STEAM,STEAM
train,8379125363499109-SHOULDER 3,SHOULDER2
train,37721145989759153-BRIDGE 2,BRIDGE2
train,030116806146377684-STORY 1,STORY2
train,3696170953354059-NONSENSE,NONSENSE
train,42793726172800794-PREDICT,PREDICT
train,05444980452890147-RECITE,RECITE
train,8255278473314576-KITE 2,KITE2
train,27594581702377163-IRON 3,IRON2
train,41315746117523533-FUNNY,FUNNY
train,6474976487136974-SHAKE 2,SHAKE2
train,15063523617554853-PUNCH FACE,PUNCHFACE
train,5185527730606576-TOW 3,TOW1
train,30952014019337204-NURSE,NURSE
train,7512978095393652-TRIM 1,TRIM2
train,17396044320629378-BICYCLE,BICYCLE
train,49565046909375376-STETHOSCOPE,STETHOSCOPE1
train,6342715207343876-WET,WET
train,7899782244337141-BOX,BOX
train,5161597712284207-SNORKEL,SNORKEL
train,4532800934345502-GARAGE,GARAGE
train,2528818347998947-HEAVEN,HEAVEN
train,5993871743257306-FOR,FOR
train,7422688359762499-INTEREST,INTEREST
train,42690322625575305-EARTHQUAKE,EARTHQUAKE
train,7792912634727402-FINGERSPELL,FINGERSPELL
train,4478675778610488-KEY,KEY
train,8384344275744424-ACTION,ACTION
train,07785675032422357-BASIC,BASIC
train,8903716457023132-FILTER,FILTER
train,8722565902421502-OUR,OUR
train,1414422948195937-FOLD,FOLD1
train,8868059708540206-FAKE,FAKE
train,11398713949281802-TEAR RIP_1,TEARRIP1
train,8151284642387526-ANGEL,ANGEL
train,1480758502670565-PIPE 2,PIPE2
train,72638845462489-STACK 3,STACK2
train,2977306505599471-SHOULD,SHOULD
train,620875963096988-PHILOSOPHY,PHILOSOPHY
train,04284214436921907-REACT,REACT
train,3205709839068651-STEAM,STEAM
train,36707463727176215-SHOULDER 3,SHOULDER2
train,27842447556844774-BRIDGE 2,BRIDGE2
train,679513243797484-STORY 1,STORY2
train,7961220292181428-STORY 1,STORY2
train,3119968364230643-NONSENSE,NONSENSE
train,05023480422935589-NONSENSE,NONSENSE
train,229070483247223-PREDICT,PREDICT
train,7006603779204794-BITCH,BITCH
train,15877643132513075-RECITE,RECITE
train,2932714246417105-KITE 2,KITE2
train,7791016388244625-IRON 3,IRON2
train,11068197548845538-STETHOSCOPE,STETHOSCOPE1
train,21512219966077395-WET,WET
train,1612184972353583-BOX,BOX
train,16226944051867953-SNORKEL,SNORKEL
train,7839090389055114-STOPWATCH,STOPWATCH
train,19201328411035767-GARAGE,GARAGE
train,4327984754941605-HEAVEN,HEAVEN
train,004159753232056307-FOR,FOR
train,14401372594348194-INTEREST,INTEREST
train,8213529388861069-EARTHQUAKE,EARTHQUAKE
train,12409358618988597-FINGERSPELL,FINGERSPELL
train,02799114422370419-KEY,KEY
train,07811938540831354-ACTION,ACTION
train,6282523279345376-BASIC,BASIC
train,8719426445294365-FILTER,FILTER
train,17676404632160048-OUR,OUR
train,5899994875912065-FILTER,FILTER
train,40789532802368833-OUR,OUR
train,8424428563345265-FOLD,FOLD1
train,6846372391393167-ADVERTISE,ADVERTISE
train,4960610611661067-DEMOTE,DEMOTE
train,6187924508249534-ADVERTISE,ADVERTISE
train,8557141167914362-DEMOTE,DEMOTE
train,03928909415856574-PIPE 3,PIPE3
train,23933278771390532-SHAKE 2,SHAKE2
train,3154325363048438-TRIM 1,TRIM2
train,6886999711677044-WEEK,WEEK
train,9022466165242344-FAKE,FAKE
train,6148820461286348-TEAR RIP_1,TEARRIP1
train,12161806838201228-WEAVE,WEAVE
train,9922333617687611-BOAT,BOAT
train,9950258621048396-BICYCLE,BICYCLE
train,1218029185561833-SHOULD,SHOULD
train,7737611101471902-PHILOSOPHY,PHILOSOPHY
train,6637638296305504-REACT,REACT
train,3802986791903562-STEAM,STEAM
train,4892310082536362-SHOULDER 3,SHOULDER2
train,8551545435604744-BRIDGE 2,BRIDGE2
train,16300790632753404-PREDICT,PREDICT
train,8891293818364707-BITCH,BITCH
train,480982833341808-RECITE,RECITE
train,30102130442113206-SNORKEL,SNORKEL
train,9602148846754079-STOPWATCH,STOPWATCH
train,05403213032369525-ANGEL,ANGEL
train,3415186842855098-GARAGE,GARAGE
train,5799887534791492-HEAVEN,HEAVEN
train,9728821314843308-FOR,FOR
train,49562544308444734-WEEK,WEEK
train,04833586613054153-INTEREST,INTEREST
train,7652485249681467-EARTHQUAKE,EARTHQUAKE
train,02284035272379259-FINGERSPELL,FINGERSPELL
train,8584806827134925-KEY,KEY
train,5236570779366814-ACTION,ACTION
train,32784703799711257-ANGEL,ANGEL
train,7557077803207304-PIPE 2,PIPE2
train,4359190437570897-FUNNY,FUNNY
train,4500897143109892-TOW 3,TOW1
train,7162851181535648-NURSE,NURSE
train,054719206688384814-BICYCLE,BICYCLE
train,24087375991749105-SNORKEL,SNORKEL
train,2479139168288551-STOPWATCH,STOPWATCH
train,9272041695850761-ANGEL,ANGEL
train,9364657945199197-GARAGE,GARAGE
train,3859461439503118-HEAVEN,HEAVEN
train,4985681009166336-BASIC,BASIC
train,31293558742895833-FOLD,FOLD1
train,7544107826203525-ADVERTISE,ADVERTISE
train,3351122736786958-PIPE 3,PIPE3
train,8856105789739006-SHAKE 2,SHAKE2
train,7529024818345877-TRIM 1,TRIM2
train,7011212375586564-STORY 1,STORY2
train,8223769976834863-STORY 1,STORY2
train,021755152592931815-STACK 3,STACK2
train,5751729461983213-PUNCH FACE,PUNCHFACE
train,5024122783932752-NONSENSE,NONSENSE
train,44843633440345565-SHOULD,SHOULD
train,9126840902687143-PHILOSOPHY,PHILOSOPHY
train,9810239132223451-REACT,REACT
train,5673491224201297-STEAM,STEAM
train,06636935837168445-SHOULDER 3,SHOULDER2
train,2882713284760816-BRIDGE 2,BRIDGE2
train,17216370508293988-PREDICT,PREDICT
train,4440741947074891-BITCH,BITCH
train,9871213544377215-RECITE,RECITE
train,2385595212318612-PREDICT,PREDICT
train,5336191762006044-FILTER,FILTER
train,7163309260574133-OUR,OUR
train,966402251864271-FAKE,FAKE
train,7319301324948355-TEAR RIP_1,TEARRIP1
train,5019998183770455-OUR,OUR
train,7598243113181127-FAKE,FAKE
train,7832088613982973-TEAR RIP_1,TEARRIP1
train,2573014984320352-PIPE 2,PIPE2
train,7940687292855915-BOAT,BOAT
train,8450479311706487-KITE 2,KITE2
train,7522032619098364-IRON 3,IRON2
train,13019012355588444-KITE 2,KITE2
train,28923699329357433-IRON 3,IRON2
train,6981855137861992-BITCH,BITCH
train,7649422761687801-BITCH,BITCH
train,8540539706930961-STETHOSCOPE,STETHOSCOPE1
train,37606546231294935-WET,WET
train,03904005672741806-BOX,BOX
train,43442139494730325-FUNNY,FUNNY
train,05872954283088094-STOPWATCH,STOPWATCH
train,1565985109061354-KEY,KEY
train,40510474167184896-ACTION,ACTION
train,20595836132278578-BASIC,BASIC
train,8603128315613966-FOLD,FOLD1
train,4929807481958943-WEAVE,WEAVE
train,5579280687311736-ADVERTISE,ADVERTISE
train,44758941227456805-DEMOTE,DEMOTE
train,8287603916767303-PIPE 2,PIPE2
train,7941244727902568-BOAT,BOAT
train,43906920357718193-FUNNY,FUNNY
train,3766165949263085-KITE 2,KITE2
train,1431072755373357-IRON 3,IRON2
train,3869989642963936-BOX,BOX
train,6003491488448844-SNORKEL,SNORKEL
train,9997257159600477-STOPWATCH,STOPWATCH
train,43249859359491927-ANGEL,ANGEL
train,15441492955925962-GARAGE,GARAGE
train,8719922271253664-HEAVEN,HEAVEN
train,9008308735550123-FOR,FOR
train,47443054401660745-WEEK,WEEK
train,6208541969612436-INTEREST,INTEREST
train,7116582177793997-EARTHQUAKE,EARTHQUAKE
train,24066584622418108-FINGERSPELL,FINGERSPELL
train,9214336628589275-KEY,KEY
train,16048823581572358-ACTION,ACTION
train,5892473903745992-BASIC,BASIC
train,01964178046464804-FILTER,FILTER
train,3869354905824347-FOLD,FOLD1
train,8282095946241186-FAKE,FAKE
train,8013483341419942-TEAR RIP_1,TEARRIP1
train,2157715517446943-WEAVE,WEAVE
train,8025431070005722-ADVERTISE,ADVERTISE
train,5403266756000165-DEMOTE,DEMOTE
train,25436111258915406-PIPE 2,PIPE2
train,43353261228410944-STACK 3,STACK2
train,6210206991064806-PIPE 3,PIPE3
train,991031504351187-BOAT,BOAT
train,7302627633793313-FUNNY,FUNNY
train,5617734307766751-SHAKE 2,SHAKE2
train,36306475673870797-PUNCH FACE,PUNCHFACE
train,8961026733592443-TOW 3,TOW1
train,417959141690339-NURSE,NURSE
train,8196936723660013-TRIM 1,TRIM2
train,7247690665167701-BICYCLE,BICYCLE
train,5537594403911712-SHOULD,SHOULD
train,4982656968275132-PHILOSOPHY,PHILOSOPHY
train,047002552396151254-REACT,REACT
train,006545784584642389-STEAM,STEAM
train,6666237577070344-SHOULDER 3,SHOULDER2
train,8586865871658815-BRIDGE 2,BRIDGE2
train,12831498906473193-DECIDE 2,DECIDE2
train,7147399708390882-STORY 1,STORY2
train,8971986955179447-DECIDE 2,DECIDE2
train,5994299643061758-NONSENSE,NONSENSE
train,03840044452747682-HALLOWEEN 2,HALLOWEEN2
train,6945648046853874-PREDICT,PREDICT
train,9978106876097432-DECIDE 2,DECIDE2
train,6231213928080293-STORY 1,STORY2
train,40587453563250175-BITCH,BITCH
train,8432022796650347-RECITE,RECITE
train,04699653278899363-PIPE 2,PIPE2
train,6338353785724689-PIPE 3,PIPE3
train,596731756384093-SHAKE 2,SHAKE2
train,6260726388855062-TOW 3,TOW1
train,9579091712593151-NURSE,NURSE
train,20894263652498823-TRIM 1,TRIM2
train,9592422807276506-HALLOWEEN 2,HALLOWEEN2
train,29816419015653794-BITCH,BITCH
train,9859012822260684-RECITE,RECITE
train,4060592197723174-KITE 2,KITE2
train,32658539192546576-IRON 3,IRON2
train,20456599206995385-STETHOSCOPE,STETHOSCOPE1
train,5135816607824977-BOX,BOX
train,6339769096420713-SNORKEL,SNORKEL
train,9743328396179256-STOPWATCH,STOPWATCH
train,7163122741145802-GARAGE,GARAGE
train,48952520361936647-HEAVEN,HEAVEN
train,21788059703071405-FOR,FOR
train,031445492597400815-SNORKEL,SNORKEL
train,1535484900360793-STOPWATCH,STOPWATCH
train,8079778804926834-GARAGE,GARAGE
train,8760993817381917-HEAVEN,HEAVEN
train,503193272978758-WEEK,WEEK
train,9279167252140286-INTEREST,INTEREST
train,08788210984934874-EARTHQUAKE,EARTHQUAKE
train,5445177755091353-PIPE 2,PIPE2
train,5465967151442359-PIPE 3,PIPE3
train,7809223893627899-BOAT,BOAT
train,7355141712214706-NONSENSE,NONSENSE
train,34070564051260677-ANGEL,ANGEL
train,9375446456926775-PREDICT,PREDICT
train,7969689190872369-WET,WET
train,6453636152711135-FOR,FOR
train,24036394897001134-FINGERSPELL,FINGERSPELL
train,2776022211718865-KEY,KEY
train,8080759942029043-ACTION,ACTION
train,5303495294732201-BASIC,BASIC
train,5513699189151011-FILTER,FILTER
train,642747642076875-OUR,OUR
train,8781274559543686-FOLD,FOLD1
train,660552812870673-FAKE,FAKE
train,10894789936557925-TEAR RIP_1,TEARRIP1
train,9483951740641772-WEAVE,WEAVE
train,7159563287022308-ADVERTISE,ADVERTISE
train,6410396112316936-DEMOTE,DEMOTE
train,4104620548853437-STACK 3,STACK2
train,09051900308413718-PUNCH FACE,PUNCHFACE
train,09328609676314814-TOW 3,TOW1
train,016586275644390858-NURSE,NURSE
train,4988113620301349-TRIM 1,TRIM2
train,6918145043153643-BICYCLE,BICYCLE
train,6602968023172777-SHOULD,SHOULD
train,664388215862038-PHILOSOPHY,PHILOSOPHY
train,7195178946586076-WET,WET
train,6821155433747974-ANGEL,ANGEL
train,8060624856662328-FOR,FOR
train,19736756947592426-WEEK,WEEK
train,5772757098520982-INTEREST,INTEREST
train,89059580079017-EARTHQUAKE,EARTHQUAKE
train,14843236227005452-FINGERSPELL,FINGERSPELL
train,011648673640517915-FOLD,FOLD1
train,8730722817674434-WEAVE,WEAVE
train,2814442509792048-ADVERTISE,ADVERTISE
train,332744459590969-DEMOTE,DEMOTE
train,08669757672230727-PIPE 3,PIPE3
train,08585186500694242-BOAT,BOAT
train,5042223908869989-FUNNY,FUNNY
train,3936866446113585-FUNNY,FUNNY
train,20972374634207003-SHAKE 2,SHAKE2
train,7400636671631224-REACT,REACT
train,8737205113968383-STEAM,STEAM
train,5176690261332619-SHOULDER 3,SHOULDER2
train,7138199961993588-BRIDGE 2,BRIDGE2
train,8895172029622032-DECIDE 2,DECIDE2
train,7547969320170427-STORY 1,STORY2
train,42105432506131235-PIPE 2,PIPE2
train,952947991098479-STACK 3,STACK2
train,12714206345932078-REACT,REACT
train,8255793093115753-STEAM,STEAM
train,7735572733638973-SHOULDER 3,SHOULDER2
train,7741909804783691-BRIDGE 2,BRIDGE2
train,8773281544903357-OUR,OUR
train,5247048337200781-FAKE,FAKE
train,0417474517941443-TEAR RIP_1,TEARRIP1
train,9129571022517715-PIPE 2,PIPE2
train,8165320059570995-PIPE 3,PIPE3
train,9965506449590109-BOAT,BOAT
train,7529315993704004-SHAKE 2,SHAKE2
train,6996026558146837-PUNCH FACE,PUNCHFACE
train,5520795828699345-TOW 3,TOW1
train,6532332301723314-NURSE,NURSE
train,1118747331814407-TRIM 1,TRIM2
train,05175361117667898-BICYCLE,BICYCLE
train,24482889897013416-SHOULD,SHOULD
train,35953894787937735-PHILOSOPHY,PHILOSOPHY
train,15395941383078005-STORY 1,STORY2
train,7725333131705987-NONSENSE,NONSENSE
train,7508766563629494-HALLOWEEN 2,HALLOWEEN2
train,4539250508213739-PREDICT,PREDICT
train,458403430345075-RECITE,RECITE
train,8311535612154104-ADVERTISE,ADVERTISE
train,8391015994152276-DEMOTE,DEMOTE
train,2658923980129797-ADVERTISE,ADVERTISE
train,6920782734453625-DEMOTE,DEMOTE
train,1972456015393984-PIPE 2,PIPE2
train,1957428209212746-PIPE 2,PIPE2
train,7399382222751405-STACK 3,STACK2
train,01118936157892736-PIPE 3,PIPE3
train,40396831272987344-BOAT,BOAT
train,42397761717386473-SHAKE 2,SHAKE2
train,6199016239304909-PUNCH FACE,PUNCHFACE
train,5509127457048433-TOW 3,TOW1
train,5354855148819018-NURSE,NURSE
train,7166845910195967-TRIM 1,TRIM2
train,6801176809352192-BICYCLE,BICYCLE
train,025837072153037433-STETHOSCOPE,STETHOSCOPE1
train,1828535307475454-BOX,BOX
train,778236056100299-WEEK,WEEK
train,7885377545712717-INTEREST,INTEREST
train,07646456760872611-EARTHQUAKE,EARTHQUAKE
train,6663489017153241-KEY,KEY
train,48476708205388697-BASIC,BASIC
train,3444645400410036-FILTER,FILTER
train,7855711946959985-FILTER,FILTER
train,9757701205475591-FUNNY,FUNNY
train,06395508002745842-SNORKEL,SNORKEL
train,7916290151211087-ANGEL,ANGEL
train,4703147940385939-ANGEL,ANGEL
train,28560588517526475-GARAGE,GARAGE
train,46160000552683256-HEAVEN,HEAVEN
train,44709542373395816-FOR,FOR
train,08927917820114639-WEEK,WEEK
train,3200781635179144-INTEREST,INTEREST
train,014740019081852074-GARAGE,GARAGE
train,2437708789653925-HEAVEN,HEAVEN
train,7108033064563866-FOR,FOR
train,06524477833422293-WEEK,WEEK
train,07804429997157225-INTEREST,INTEREST
train,2869129337021936-EARTHQUAKE,EARTHQUAKE
train,7206713364574389-FINGERSPELL,FINGERSPELL
train,6403584747935431-KEY,KEY
train,8778046791266789-ACTION,ACTION
train,9540304669996431-BASIC,BASIC
train,4622631870868583-OUR,OUR
train,7308725772653746-FOLD,FOLD1
train,626141993462213-TEAR RIP_1,TEARRIP1
train,8270768063023723-WEAVE,WEAVE
train,2889926258458644-STACK 3,STACK2
train,17409515152305355-SHOULD,SHOULD
train,5084840943804627-PHILOSOPHY,PHILOSOPHY
train,3468054577090942-REACT,REACT
train,05403852640811313-STEAM,STEAM
train,1254347629072874-SHOULDER 3,SHOULDER2
train,10981098169558656-BRIDGE 2,BRIDGE2
train,23761637775592637-DECIDE 2,DECIDE2
train,7306550015431037-STORY 1,STORY2
train,6761013102194389-NONSENSE,NONSENSE
train,27000489543044237-SHAKE 2,SHAKE2
train,9605403754890867-PUNCH FACE,PUNCHFACE
train,31215358606254284-TOW 3,TOW1
train,7749283961439801-NURSE,NURSE
train,4588175276494393-TRIM 1,TRIM2
train,3926786900162016-BICYCLE,BICYCLE
train,4295169120526421-HALLOWEEN 2,HALLOWEEN2
train,33585254237126105-PREDICT,PREDICT
train,17759443114554618-BITCH,BITCH
train,6685968250536625-RECITE,RECITE
train,6372124070451894-KITE 2,KITE2
train,3146900562532302-IRON 3,IRON2
train,893982329783191-STETHOSCOPE,STETHOSCOPE1
train,5739667429087969-WET,WET
train,9392287451739223-BOX,BOX
train,34865446578730164-BASIC,BASIC
train,25499345267422724-FAKE,FAKE
train,07032946984117494-PIPE 3,PIPE3
train,043345665025021685-BOAT,BOAT
train,8486633206678929-FUNNY,FUNNY
train,8049260123145752-SHAKE 2,SHAKE2
train,20726866995175564-PUNCH FACE,PUNCHFACE
train,749102609064715-TOW 3,TOW1
train,3594137146457719-NURSE,NURSE
train,683756063986892-TRIM 1,TRIM2
train,18534547994000072-BICYCLE,BICYCLE
train,3361941195086511-FILTER,FILTER
train,8721495255671261-FOLD,FOLD1
train,4110542319510413-TEAR RIP_1,TEARRIP1
train,6975710349841611-WEAVE,WEAVE
train,7285450678124359-SHOULD,SHOULD
train,7908307098233258-PHILOSOPHY,PHILOSOPHY
train,11100454434520235-REACT,REACT
train,8746699535650182-STEAM,STEAM
train,7392963845050562-SHOULDER 3,SHOULDER2
train,17578643787775916-BRIDGE 2,BRIDGE2
train,1940641358883035-DECIDE 2,DECIDE2
train,31993563535769076-STORY 1,STORY2
train,44455457512362817-FOLD,FOLD1
train,3174270337278853-TEAR RIP_1,TEARRIP1
train,48171469374261866-WEAVE,WEAVE
train,9575163903120842-NONSENSE,NONSENSE
train,6755976526839831-SNORKEL,SNORKEL
train,37057792931535016-HALLOWEEN 2,HALLOWEEN2
train,23219742639822494-STOPWATCH,STOPWATCH
train,7941714747953046-EARTHQUAKE,EARTHQUAKE
train,8295855562351755-EARTHQUAKE,EARTHQUAKE
train,09174206807203134-FINGERSPELL,FINGERSPELL
train,7864672359920801-KEY,KEY
train,8987110954415516-ACTION,ACTION
train,5394968264923343-BASIC,BASIC
train,16311375932679195-FINGERSPELL,FINGERSPELL
train,3921416525659833-OUR,OUR
train,5119976229486063-FAKE,FAKE
train,8607519054118671-ADVERTISE,ADVERTISE
train,9893242941973359-DEMOTE,DEMOTE
train,6675772065696419-PIPE 2,PIPE2
train,382982091303385-STACK 3,STACK2
train,39447528800423615-PIPE 3,PIPE3
train,4810545382849105-BOAT,BOAT
train,873202908235712-KEY,KEY
train,8058228086938708-ACTION,ACTION
train,9436241296356225-FUNNY,FUNNY
train,9280997352000961-ADVERTISE,ADVERTISE
train,23849869059655293-DEMOTE,DEMOTE
train,753032198676101-FILTER,FILTER
train,9825069246319089-GARAGE,GARAGE
train,21907562572284278-HEAVEN,HEAVEN
train,8894742158302094-FOR,FOR
train,00899296980950326-WEEK,WEEK
train,45060169429475616-INTEREST,INTEREST
train,2658020149502991-PREDICT,PREDICT
train,12882494919982324-ANGEL,ANGEL
train,3589827426226091-FILTER,FILTER
train,7771394429379108-BICYCLE,BICYCLE
train,6897158330887838-SHOULD,SHOULD
train,6730077278379667-PHILOSOPHY,PHILOSOPHY
train,8366674764878872-FILTER,FILTER
train,30817380431238717-BICYCLE,BICYCLE
train,9325768218320774-STEAM,STEAM
train,4606461921541476-REACT,REACT
train,6719005829711113-STEAM,STEAM
train,06387345707588055-SHOULDER 3,SHOULDER2
train,6910498439236323-BRIDGE 2,BRIDGE2
train,4694405770432466-DECIDE 2,DECIDE2
train,6206731160948513-STORY 1,STORY2
train,7179318154756591-NONSENSE,NONSENSE
train,5117574829521301-HALLOWEEN 2,HALLOWEEN2
train,9560809562565566-BITCH,BITCH
train,8840396977384335-RECITE,RECITE
train,5985488838881148-KITE 2,KITE2
train,5402580935585379-IRON 3,IRON2
train,15256263853224405-STETHOSCOPE,STETHOSCOPE1
train,31339178187014327-WET,WET
train,8096040976130479-BOX,BOX
train,1567967209190082-SNORKEL,SNORKEL
train,8556442926927676-STOPWATCH,STOPWATCH
train,07048529723549524-BASIC,BASIC
train,7407151342756046-PIPE 2,PIPE2
train,8190388557778636-OUR,OUR
train,6384599640128985-SHOULD,SHOULD
train,23192421114493778-FOLD,FOLD1
train,37466769431505487-FAKE,FAKE
train,9201174033209241-TEAR RIP_1,TEARRIP1
train,24236593924056793-WEAVE,WEAVE
train,8387619506017088-PIPE 2,PIPE2
train,10366258338908452-PHILOSOPHY,PHILOSOPHY
train,45822275751211383-FUNNY,FUNNY
train,12737519458479296-SHAKE 2,SHAKE2
train,1537046093340304-PUNCH FACE,PUNCHFACE
train,8241554542141951-TOW 3,TOW1
train,5402113585983888-NURSE,NURSE
train,2142878376460089-TRIM 1,TRIM2
train,9252518007057713-REACT,REACT
train,5032824505612232-SHOULDER 3,SHOULDER2
train,06979220109210416-BRIDGE 2,BRIDGE2
train,5576697775514508-DECIDE 2,DECIDE2
train,7182182456348434-STORY 1,STORY2
train,8549607004115178-PREDICT,PREDICT
train,2917776697124588-GARAGE,GARAGE
train,14370762769881207-HEAVEN,HEAVEN
train,41064420918991273-FOR,FOR
train,6615680623563793-WEEK,WEEK
train,8513688807557995-INTEREST,INTEREST
train,3862750818766165-EARTHQUAKE,EARTHQUAKE
train,3771021652666904-FINGERSPELL,FINGERSPELL
train,943840371660853-KEY,KEY
train,32264469848607513-ACTION,ACTION
train,40892953739759563-ADVERTISE,ADVERTISE
train,9867797364869615-DEMOTE,DEMOTE
train,8524748754051699-STACK 3,STACK2
train,2327114189184878-PIPE 3,PIPE3
train,5793492001913805-BOAT,BOAT
train,09017928107422413-BICYCLE,BICYCLE
train,7907298046546414-NONSENSE,NONSENSE
train,30185840804688135-SHOULD,SHOULD
train,2627335966495119-PHILOSOPHY,PHILOSOPHY
train,30027307443752504-STEAM,STEAM
train,4158090355467512-HALLOWEEN 2,HALLOWEEN2
train,138469795751754-BITCH,BITCH
train,38111309954369266-RECITE,RECITE
train,47926272709739104-KITE 2,KITE2
train,0033284972047569195-IRON 3,IRON2
train,2864478645400923-SNORKEL,SNORKEL
train,6611543337662256-STOPWATCH,STOPWATCH
train,18389796337730968-PREDICT,PREDICT
train,14643833267767548-ANGEL,ANGEL
train,42454386250244514-FILTER,FILTER
train,059879233672333276-FUNNY,FUNNY
train,44038710778506296-SHAKE 2,SHAKE2
train,2930318388148776-PUNCH FACE,PUNCHFACE
train,5397657526698554-TOW 3,TOW1
train,13789105358333797-NURSE,NURSE
train,8909158581024035-TRIM 1,TRIM2
train,30009989507939916-REACT,REACT
train,6327605576093502-SHOULDER 3,SHOULDER2
train,1502488816452967-BRIDGE 2,BRIDGE2
train,32363663486128047-DECIDE 2,DECIDE2
train,07011901962526412-STORY 1,STORY2
train,33379489690604514-NONSENSE,NONSENSE
train,006798934700451564-HALLOWEEN 2,HALLOWEEN2
train,7457577086513312-STETHOSCOPE,STETHOSCOPE1
train,6205579238024708-WET,WET
train,0627115155087461-BOX,BOX
train,5054049462257784-TOW 3,TOW1
train,15017105800427033-NURSE,NURSE
train,8069164397711179-TOW 3,TOW1
train,9176924632567507-NURSE,NURSE
train,5035631336263151-TRIM 1,TRIM2
train,7789974558320065-REACT,REACT
train,6089517973914331-SHOULDER 3,SHOULDER2
train,5010059884802691-BRIDGE 2,BRIDGE2
train,1125897214666407-DECIDE 2,DECIDE2
train,3690694817158624-TRIM 1,TRIM2
train,0705257190665789-REACT,REACT
train,7537224409212344-SHOULDER 3,SHOULDER2
train,0385625440825228-BRIDGE 2,BRIDGE2
train,7118515553669202-DECIDE 2,DECIDE2
train,3363271882719121-STORY 1,STORY2
train,06265856115858703-BITCH,BITCH
train,10092657013849982-RECITE,RECITE
train,9700607849174476-IRON 3,IRON2
train,1448380350583336-GARAGE,GARAGE
train,28293388728499624-HEAVEN,HEAVEN
train,26911920543192847-FOR,FOR
train,3569496056797583-WEEK,WEEK
train,25398713253117866-INTEREST,INTEREST
train,5999271180897467-EARTHQUAKE,EARTHQUAKE
train,47507453056648785-FINGERSPELL,FINGERSPELL
train,33787438904861555-KEY,KEY
train,45554485944092504-ACTION,ACTION
train,7688318067782187-BASIC,BASIC
train,799628866128629-OUR,OUR
train,34945397853625226-FOLD,FOLD1
train,9673285376166738-FAKE,FAKE
train,7038523042520639-TEAR RIP_1,TEARRIP1
train,27759301011387727-WEAVE,WEAVE
train,646728958001183-ADVERTISE,ADVERTISE
train,9312543877201078-DEMOTE,DEMOTE
train,27118171886055364-STACK 3,STACK2
train,23465592352757914-PIPE 3,PIPE3
train,3174824806333201-BOAT,BOAT
train,18138970825797962-FUNNY,FUNNY
train,20582211900920888-SHAKE 2,SHAKE2
train,21028251416976218-PUNCH FACE,PUNCHFACE
train,07764295406370647-BICYCLE,BICYCLE
train,04763199801070739-SHOULD,SHOULD
train,26080500046684585-PHILOSOPHY,PHILOSOPHY
train,8651593999421421-STEAM,STEAM
train,9461919540252481-PREDICT,PREDICT
train,6827314177791297-RECITE,RECITE
train,70644397917328-KITE 2,KITE2
train,33619154412183283-IRON 3,IRON2
train,8867515036841913-STETHOSCOPE,STETHOSCOPE1
train,5839475530033846-WET,WET
train,23464925222143762-BOX,BOX
train,27582369688545194-SNORKEL,SNORKEL
train,03340483118865101-STOPWATCH,STOPWATCH
train,3143004022616842-ANGEL,ANGEL
train,2736169442307401-FILTER,FILTER
train,9677038524348445-PIPE 2,PIPE2
train,3980937992842606-NONSENSE,NONSENSE
train,18128700219132532-NONSENSE,NONSENSE
train,12428983919563952-FOR,FOR
train,4038103568275968-WEEK,WEEK
train,6690464539770431-INTEREST,INTEREST
train,4828282550537908-EARTHQUAKE,EARTHQUAKE
train,07904389465473627-FINGERSPELL,FINGERSPELL
train,7256598662043443-BASIC,BASIC
train,3930752895836436-OUR,OUR
train,5809695947949802-FOLD,FOLD1
train,7809056991462033-FAKE,FAKE
train,7103416850752566-TEAR RIP_1,TEARRIP1
train,6790410009015486-WEAVE,WEAVE
train,6797745392528598-STACK 3,STACK2
train,3681530455730171-PIPE 3,PIPE3
train,4679181837573039-BOAT,BOAT
train,7959297646314938-STEAM,STEAM
train,49497525362063644-HALLOWEEN 2,HALLOWEEN2
train,5734461396497386-BITCH,BITCH
train,6484621401083663-RECITE,RECITE
train,12409098636719462-KITE 2,KITE2
train,5515302132072626-IRON 3,IRON2
train,8733963302140686-STETHOSCOPE,STETHOSCOPE1
train,029833611562914975-WET,WET
train,49317529830493223-BOX,BOX
train,9839941906525604-BITCH,BITCH
train,7319718138784637-RECITE,RECITE
train,8117956510410089-KITE 2,KITE2
train,7281784215305733-IRON 3,IRON2
train,41482823310867967-STETHOSCOPE,STETHOSCOPE1
train,393358906917596-WET,WET
train,15753838199844616-SNORKEL,SNORKEL
train,5893330157708219-STOPWATCH,STOPWATCH
train,2361849710193773-KEY,KEY
train,2118099297521392-ACTION,ACTION
train,3688751345107466-FILTER,FILTER
train,3034907075885813-ADVERTISE,ADVERTISE
train,4087592787866785-DEMOTE,DEMOTE
train,6048827243870498-ANGEL,ANGEL
train,1826156350486956-FOR,FOR
train,09350242180785906-WEEK,WEEK
train,31678370856435367-INTEREST,INTEREST
train,6843553981288921-EARTHQUAKE,EARTHQUAKE
train,9482107533596877-FINGERSPELL,FINGERSPELL
train,6360323315286267-GARAGE,GARAGE
train,11617171268448923-HEAVEN,HEAVEN
train,4149810285288573-KEY,KEY
train,9228739314907599-BASIC,BASIC
train,1140810919385793-OUR,OUR
train,7082782711586111-FOLD,FOLD1
train,4118252136245186-FAKE,FAKE
train,9168808558890975-TEAR RIP_1,TEARRIP1
train,7765337046535339-ACTION,ACTION
train,6478463413581668-WEAVE,WEAVE
train,5727210316593623-ANGEL,ANGEL
train,5499584987466377-PIPE 2,PIPE2
train,7270435120831564-SHAKE 2,SHAKE2
train,15809449392067587-PUNCH FACE,PUNCHFACE
train,5103590075287978-HALLOWEEN 2,HALLOWEEN2
train,5982363932270214-PREDICT,PREDICT
train,4676665371952089-BITCH,BITCH
train,540058739714969-STETHOSCOPE,STETHOSCOPE1
train,5982567845065818-WET,WET
train,39097901827253834-BOX,BOX
train,7618979512828763-SNORKEL,SNORKEL
train,8037009281954064-OUR,OUR
train,3134692539495285-FAKE,FAKE
train,7389515493736889-STOPWATCH,STOPWATCH
train,08104685083819274-GARAGE,GARAGE
train,6569343738476958-HEAVEN,HEAVEN
train,934165256749965-seedSTETHOSCOPE,STETHOSCOPE1
train,9380772246623139-seedWET,WET
train,21904973792683724-seedBOX,BOX
train,2218706642679733-seedSNORKEL,SNORKEL
train,8254486750155374-seedSTOPWATCH,STOPWATCH
train,3105341718779353-seedANGEL,ANGEL
train,05595388890793718-seedGARAGE,GARAGE
train,598451749121274-seedHEAVEN,HEAVEN
train,3795742180464281-seedFOR,FOR
train,5369002649936094-seedWEEK,WEEK
train,6239107696504924-seedINTEREST,INTEREST
train,7216767007961775-seedEARTHQUAKE,EARTHQUAKE
train,01294532226887557-seedFINGERSPELL,FINGERSPELL
train,8034161932272061-seedKEY,KEY
train,9530640860155692-seedACTION,ACTION
train,28975904937229835-seedBASIC,BASIC
train,18393068468000195-seedFILTER,FILTER
train,1250874653735894-seedOUR,OUR
train,5592495326877707-seedFOLD,FOLD1
train,5185504735804489-seedFAKE,FAKE
train,7516740040595067-seedTEAR RIP_1,TEARRIP1
train,8182918837223965-seedWEAVE,WEAVE
train,49160684422277745-seedADVERTISE,ADVERTISE
train,2894784359970666-seedDEMOTE,DEMOTE
train,6455488367100031-seedPIPE 2,PIPE2
train,26940454670565184-seedSTACK 3,STACK2
train,3227958610380912-seedPIPE 3,PIPE3
train,6398851245799786-seedBOAT,BOAT
train,8310956530743974-seedFUNNY,FUNNY
train,6690724182105161-seedSHAKE 2,SHAKE2
train,9544358745681665-seedPUNCH FACE,PUNCHFACE
train,8751367424123138-seedTOW 3,TOW1
train,4997964154616015-seedNURSE,NURSE
train,3555369662934289-seedTRIM 1,TRIM2
train,9917310834201161-seedBICYCLE,BICYCLE
train,3561418384547448-seedSHOULD,SHOULD
train,3933829015913479-seedPHILOSOPHY,PHILOSOPHY
train,6328836734699357-seedREACT,REACT
train,31231431906491425-seedSTEAM,STEAM
train,5521295090356788-seedSHOULDER 3,SHOULDER2
train,807697859467527-seedBRIDGE 2,BRIDGE2
train,03270299220552264-seedDECIDE,DECIDE2
train,7758896684532042-seedSTORY 1,STORY2
train,29789551988312923-seedNONSENSE,NONSENSE
train,7434091464580408-seedHALLOWEEN,HALLOWEEN2
train,5698341532955324-seedPREDICT,PREDICT
train,06464886926149771-seedBITCH,BITCH
train,6234287568136612-seedRECITE,RECITE
train,3878457731400622-seedKITE 2,KITE2
train,691271699312221-seedIRON 3,IRON2
val,8472402847724896-STETHOSCOPE,STETHOSCOPE1
val,21253549970887042-WET,WET
val,34523986265898476-BOX,BOX
val,18262182472586086-SNORKEL,SNORKEL
val,33603094567768754-STOPWATCH,STOPWATCH
val,48859317141830094-ANGEL,ANGEL
val,5803280917903741-WEEK,WEEK
val,15723641504087404-INTEREST,INTEREST
val,9087640699284858-EARTHQUAKE,EARTHQUAKE
val,1264923619035927-FINGERSPELL,FINGERSPELL
val,5079192326197335-KEY,KEY
val,3223648313439791-ACTION,ACTION
val,3294919147610471-BASIC,BASIC
val,9436031109701151-FILTER,FILTER
val,7695516410684258-OUR,OUR
val,9737568774271079-FOLD,FOLD1
val,0007846701446196924-FAKE,FAKE
val,6334322458025528-TEAR RIP_1,TEARRIP1
val,26915890524831676-PIPE 2,PIPE2
val,06513188004600612-STACK 3,STACK2
val,4189344606889094-PUNCH FACE,PUNCHFACE
val,8446868393691878-PIPE 3,PIPE3
val,8150838931780542-SHAKE 2,SHAKE2
val,611662781142956-WEEK,WEEK
val,9026802994133212-INTEREST,INTEREST
val,20202226330566098-WEEK,WEEK
val,5158012562774552-INTEREST,INTEREST
val,520964185739579-EARTHQUAKE,EARTHQUAKE
val,862305582258617-PIPE 2,PIPE2
val,9377114731041793-PIPE 3,PIPE3
val,7247854594661165-BOAT,BOAT
val,8979439062678256-EARTHQUAKE,EARTHQUAKE
val,1532127312444671-PIPE 2,PIPE2
val,9436851059381357-PIPE 3,PIPE3
val,4227443861277669-NONSENSE,NONSENSE
val,29966490668139145-HALLOWEEN 2,HALLOWEEN2
val,11437398434280777-PREDICT,PREDICT
val,4279948019849793-BITCH,BITCH
val,3962182688175826-RECITE,RECITE
val,5857582762889573-KITE 2,KITE2
val,96636844807926-IRON 3,IRON2
val,7644494558699109-STETHOSCOPE,STETHOSCOPE1
val,6103622703909282-WET,WET
val,7977641771647976-BOX,BOX
val,030109306689888093-ANGEL,ANGEL
val,6284595509223412-FOR,FOR
val,9817216085584577-FINGERSPELL,FINGERSPELL
val,9052620748420377-KEY,KEY
val,15430159033829005-BASIC,BASIC
val,18140186863197916-FILTER,FILTER
val,913215253010699-OUR,OUR
val,8745211090868097-FOLD,FOLD1
val,9834164697641237-FAKE,FAKE
val,6205502310434754-TEAR RIP_1,TEARRIP1
val,5492309372229001-WEAVE,WEAVE
val,48933001953207-ADVERTISE,ADVERTISE
val,12816413077012934-DEMOTE,DEMOTE
val,0041595963235236955-STACK 3,STACK2
val,20730089444859479-FUNNY,FUNNY
val,8967962492777333-SHAKE 2,SHAKE2
val,7557483488888097-PUNCH FACE,PUNCHFACE
val,41312554366369225-FUNNY,FUNNY
val,24493220414974148-SHAKE 2,SHAKE2
val,5097547203852961-TOW 3,TOW1
val,012919069503452452-NURSE,NURSE
val,9088982955735043-TRIM 1,TRIM2
val,8447653720069228-BICYCLE,BICYCLE
val,33231290732984786-SHOULD,SHOULD
val,12954549850668506-PHILOSOPHY,PHILOSOPHY
val,43691115759696064-REACT,REACT
val,6525092415611646-STEAM,STEAM
val,2989385911343956-SHOULDER 3,SHOULDER2
val,7067020094136764-BRIDGE 2,BRIDGE2
val,4792528162351031-STORY 1,STORY2
val,5872831074058147-ACTION,ACTION
val,23142725875601933-DECIDE 2,DECIDE2
val,2899742118494788-SNORKEL,SNORKEL
val,3475228863306181-STOPWATCH,STOPWATCH
val,06700733498798539-GARAGE,GARAGE
val,9329041594904617-HEAVEN,HEAVEN
val,5600006239286623-HALLOWEEN 2,HALLOWEEN2
val,11974006203066989-BITCH,BITCH
val,4298716308551189-RECITE,RECITE
val,06149525828275948-HALLOWEEN 2,HALLOWEEN2
val,05502180301737969-KITE 2,KITE2
val,1851485644585018-IRON 3,IRON2
val,5261978688846716-BITCH,BITCH
val,4999146008988766-RECITE,RECITE
val,46647440094004744-STETHOSCOPE,STETHOSCOPE1
val,41135379015843276-BOX,BOX
val,7204848537830564-KITE 2,KITE2
val,7113049257295716-IRON 3,IRON2
val,3826045079107452-STETHOSCOPE,STETHOSCOPE1
val,6553068804299655-BOX,BOX
val,18552473314710105-KEY,KEY
val,753968050388073-ACTION,ACTION
val,17108118506818948-BASIC,BASIC
val,030987426952123975-FILTER,FILTER
val,749800443846284-BOAT,BOAT
val,4591575713411731-PUNCH FACE,PUNCHFACE
val,2008299147313397-TOW 3,TOW1
val,385566161431139-NURSE,NURSE
val,1882966868660365-TRIM 1,TRIM2
val,2849189667072105-BICYCLE,BICYCLE
val,37793377244346504-SHOULD,SHOULD
val,4662780060138181-PHILOSOPHY,PHILOSOPHY
val,698031152229529-REACT,REACT
val,5883771822833523-STEAM,STEAM
val,2900046970493737-SHOULDER 3,SHOULDER2
val,8459360515862981-BRIDGE 2,BRIDGE2
val,5445956685390043-STORY 1,STORY2
val,9684834410155156-NONSENSE,NONSENSE
val,00464318931732044-PREDICT,PREDICT
val,7371293874505096-WET,WET
val,3812469652007169-ANGEL,ANGEL
val,2391001923220577-FOR,FOR
val,26690778696323636-FINGERSPELL,FINGERSPELL
val,6876871652257572-OUR,OUR
val,9047121062135848-FOLD,FOLD1
val,7642510077829077-FAKE,FAKE
val,32678539182461885-TEAR RIP_1,TEARRIP1
val,28131642297999915-WEAVE,WEAVE
val,05282130470483759-STACK 3,STACK2
val,04570185370611113-DECIDE 2,DECIDE2
val,6267386096204142-SNORKEL,SNORKEL
val,913470503214945-STOPWATCH,STOPWATCH
val,819101666783697-GARAGE,GARAGE
val,07569316767241419-HEAVEN,HEAVEN
val,682353770605032-ADVERTISE,ADVERTISE
val,13581783391384872-DEMOTE,DEMOTE
val,9654384339839339-NONSENSE,NONSENSE
val,32995630415679433-BITCH,BITCH
val,6219756678219706-RECITE,RECITE
val,8967598884860237-KITE 2,KITE2
val,20099931202295118-IRON 3,IRON2
val,5703931820618922-SHOULD,SHOULD
val,340154159708685-PHILOSOPHY,PHILOSOPHY
val,041956519355147215-REACT,REACT
val,8431207120591553-STEAM,STEAM
val,8195986830629223-SHOULDER 3,SHOULDER2
val,3840007320308625-BRIDGE 2,BRIDGE2
val,4252982945365307-DECIDE 2,DECIDE2
val,47997637953589534-STORY 1,STORY2
val,03717537997475917-NONSENSE,NONSENSE
val,027597967948882474-ANGEL,ANGEL
val,687722975500604-GARAGE,GARAGE
val,46993689472142885-HEAVEN,HEAVEN
val,6287495398514562-FOR,FOR
val,740137620983075-WEEK,WEEK
val,2633450704829088-INTEREST,INTEREST
val,9565056796150198-EARTHQUAKE,EARTHQUAKE
val,9157896895889284-FINGERSPELL,FINGERSPELL
val,3426575002004739-BASIC,BASIC
val,4356662653732781-OUR,OUR
val,4669592432805878-FOLD,FOLD1
val,3151106616168149-FAKE,FAKE
val,8007275351506706-TEAR RIP_1,TEARRIP1
val,4272405059869542-WEAVE,WEAVE
val,16148614813967987-PIPE 2,PIPE2
val,9147983678123699-STACK 3,STACK2
val,216789421332654-PIPE 3,PIPE3
val,90382215916434-BOAT,BOAT
val,2978553198513152-STETHOSCOPE,STETHOSCOPE1
val,6895618335004428-WET,WET
val,4117834788915149-BOX,BOX
val,21414753765105132-SNORKEL,SNORKEL
val,627127223219514-STOPWATCH,STOPWATCH
val,7958050047667848-KEY,KEY
val,6474145115957031-ACTION,ACTION
val,9250082720256219-ADVERTISE,ADVERTISE
val,5768685718472557-DEMOTE,DEMOTE
val,3915415253541339-FUNNY,FUNNY
val,06034190780601745-SHAKE 2,SHAKE2
val,9906589840083846-PUNCH FACE,PUNCHFACE
val,2861367534479293-HALLOWEEN 2,HALLOWEEN2
val,8169587484417922-BITCH,BITCH
val,11193744824536056-PREDICT,PREDICT
val,8479109810529744-TRIM 1,TRIM2
val,985051499707057-BICYCLE,BICYCLE
val,21478787504184105-TOW 3,TOW1
val,761043154720521-NURSE,NURSE
val,22324895421224178-KITE 2,KITE2
val,23790709570819257-IRON 3,IRON2
val,1514143813329274-FILTER,FILTER
val,14630400101393448-RECITE,RECITE
val,5425907374236225-SHOULD,SHOULD
val,3603450191242006-PHILOSOPHY,PHILOSOPHY
val,5168038701660884-HALLOWEEN 2,HALLOWEEN2
val,68080440543193-PREDICT,PREDICT
val,8932539278763267-BOX,BOX
test,10592483554377141-ANGEL,ANGEL
test,6989304329949362-GARAGE,GARAGE
test,7314661586264413-HEAVEN,HEAVEN
test,6657708572395775-FOR,FOR
test,7290718464963901-WEEK,WEEK
test,6292559536243458-PIPE 2,PIPE2
test,6547852438098489-STACK 3,STACK2
test,500627726713702-STETHOSCOPE,STETHOSCOPE1
test,9643303365228633-WET,WET
test,6729052378234341-BOX,BOX
test,6774681279201691-ADVERTISE,ADVERTISE
test,09470848148522548-DEMOTE,DEMOTE
test,5941544065566857-PIPE 3,PIPE3
test,06323442318801664-SHAKE 2,SHAKE2
test,08687368676039697-TRIM 1,TRIM2
test,9415826014102848-BITCH,BITCH
test,931893700092459-STOPWATCH,STOPWATCH
test,9594400446028624-FAKE,FAKE
test,4374698053174688-TEAR RIP_1,TEARRIP1
test,42057210791739785-WEAVE,WEAVE
test,8984485362375878-BOAT,BOAT
test,6785003963191703-FUNNY,FUNNY
test,3524512427929809-TOW 3,TOW1
test,7052999000106108-NURSE,NURSE
test,8064543404841673-BICYCLE,BICYCLE
test,13611634884601687-SHOULD,SHOULD
test,897838156323647-PHILOSOPHY,PHILOSOPHY
test,9766185001386332-REACT,REACT
test,7231255210553138-STEAM,STEAM
test,03302797847943073-SHOULDER 3,SHOULDER2
test,8014251588254968-BRIDGE 2,BRIDGE2
test,612354672823122-TOW 3,TOW1
test,08247545176887994-NURSE,NURSE
test,1835310563738417-BICYCLE,BICYCLE
test,6771094182530923-SHOULD,SHOULD
test,6577792516601395-PHILOSOPHY,PHILOSOPHY
test,9343378299346425-REACT,REACT
test,038676817890453075-STEAM,STEAM
test,06714074443959128-SHOULDER 3,SHOULDER2
test,6821946409310804-BRIDGE 2,BRIDGE2
test,7787315377679129-PREDICT,PREDICT
test,11594967501147879-BITCH,BITCH
test,5913874030551471-RECITE,RECITE
test,804751705102372-KITE 2,KITE2
test,5358763310355887-IRON 3,IRON2
test,6204988684850854-KITE 2,KITE2
test,042697069619691996-IRON 3,IRON2
test,508558256330744-SNORKEL,SNORKEL
test,08855914465072456-STOPWATCH,STOPWATCH
test,8219122109797761-ANGEL,ANGEL
test,6417653287424416-GARAGE,GARAGE
test,7289396310554139-HEAVEN,HEAVEN
test,4355327049485769-SNORKEL,SNORKEL
test,6618587122323296-STOPWATCH,STOPWATCH
test,4350915588511477-ANGEL,ANGEL
test,2951023905934729-GARAGE,GARAGE
test,8626436553248364-HEAVEN,HEAVEN
test,4271305571395134-FOR,FOR
test,1971506530184275-WEEK,WEEK
test,36812439575962763-INTEREST,INTEREST
test,654929214061772-EARTHQUAKE,EARTHQUAKE
test,424132338192011-FINGERSPELL,FINGERSPELL
test,04002555600703994-KEY,KEY
test,2870058180470316-ACTION,ACTION
test,21902607239546956-FOR,FOR
test,5495290719612655-BASIC,BASIC
test,871249121007492-WEEK,WEEK
test,6138548578237477-INTEREST,INTEREST
test,15222217074030353-EARTHQUAKE,EARTHQUAKE
test,6962930143301989-FINGERSPELL,FINGERSPELL
test,6703783094183193-SNORKEL,SNORKEL
test,4233646911084601-INTEREST,INTEREST
test,25265317689843303-EARTHQUAKE,EARTHQUAKE
test,9094901720695379-FINGERSPELL,FINGERSPELL
test,7971673146425542-FOLD,FOLD1
test,07359731431678473-PIPE 3,PIPE3
test,37668235288071306-SHAKE 2,SHAKE2
test,8166039703881582-TRIM 1,TRIM2
test,3395880009256269-STETHOSCOPE,STETHOSCOPE1
test,6853682759011852-WET,WET
test,16724254053715604-BOX,BOX
test,7559075260106412-FILTER,FILTER
test,44048256055488677-OUR,OUR
test,16960262089159572-FUNNY,FUNNY
test,7569999198614661-NONSENSE,NONSENSE
test,6508725819045516-NONSENSE,NONSENSE
test,9776321806801926-STETHOSCOPE,STETHOSCOPE1
test,05351742825885353-KEY,KEY
test,36719800196331076-WET,WET
test,6716721954213769-ACTION,ACTION
test,7890145742548509-BOX,BOX
test,7746899508128471-FOLD,FOLD1
test,40637671769943995-WEAVE,WEAVE
test,6190592230678937-BASIC,BASIC
test,24925546806033183-FOLD,FOLD1
test,7655579449400078-DEMOTE,DEMOTE
test,28429335033129166-PIPE 2,PIPE2
test,4250734465573147-WEAVE,WEAVE
test,3472034658807368-STACK 3,STACK2
test,753743279323194-BOAT,BOAT
test,3236169782056022-FUNNY,FUNNY
test,8005495556017137-ADVERTISE,ADVERTISE
test,37563295891891646-DEMOTE,DEMOTE
test,08641361753982157-PIPE 2,PIPE2
test,1895591280284934-STACK 3,STACK2
test,9147235370794071-BOAT,BOAT
test,041012031422999584-PUNCH FACE,PUNCHFACE
test,6058103747339492-TRIM 1,TRIM2
test,14620719475662503-STORY 1,STORY2
test,6725228144896733-KITE 2,KITE2
test,011240663929259487-IRON 3,IRON2
test,03593773026157643-RECITE,RECITE
test,10434797239987526-KEY,KEY
test,3549295649163129-ACTION,ACTION
test,5166911277157862-BASIC,BASIC
test,879467401222646-FILTER,FILTER
test,9373474669536799-PUNCH FACE,PUNCHFACE
test,5269023693834016-TOW 3,TOW1
test,23768874703193688-NURSE,NURSE
test,13170974268779245-BICYCLE,BICYCLE
test,7639333888976483-FAKE,FAKE
test,8401821378305749-TEAR RIP_1,TEARRIP1
test,6441692448351741-STORY 1,STORY2
test,6599860347482203-SHOULD,SHOULD
test,2781274189844207-PHILOSOPHY,PHILOSOPHY
test,6167408436216253-REACT,REACT
test,6871802916884833-STEAM,STEAM
test,10391742824821892-SHOULDER 3,SHOULDER2
test,643990135074693-BRIDGE 2,BRIDGE2
test,8317057092452784-PREDICT,PREDICT
test,12406008707216953-RECITE,RECITE
test,2573372360128092-NONSENSE,NONSENSE
test,5095688074960942-OUR,OUR
test,7354146069439824-PUNCH FACE,PUNCHFACE
test,3001038121654285-FOR,FOR
test,9847763152917779-WEEK,WEEK
test,16612720848576923-ADVERTISE,ADVERTISE
test,2210182496554436-PIPE 3,PIPE3
test,6349295998075333-SHAKE 2,SHAKE2
test,14686443437278407-TRIM 1,TRIM2
test,7791109236318736-STORY 1,STORY2
test,9336922463902049-PREDICT,PREDICT
test,7800273254969199-STETHOSCOPE,STETHOSCOPE1
test,48504814124367845-WET,WET
test,9037021445463815-BOX,BOX
test,3349427914645957-FILTER,FILTER
test,8962977271516672-FAKE,FAKE
test,12067554920280621-TEAR RIP_1,TEARRIP1
test,939187410165236-PIPE 3,PIPE3
test,6948169630049268-SHAKE 2,SHAKE2
test,24891935719685665-OUR,OUR
test,8514548314940251-GARAGE,GARAGE
test,7294939779296363-HEAVEN,HEAVEN
test,4920505456783295-FOR,FOR
test,18368595006271948-WEEK,WEEK
test,8116297240291286-INTEREST,INTEREST
test,3799678359101215-EARTHQUAKE,EARTHQUAKE
test,2442961762947633-FINGERSPELL,FINGERSPELL
test,1283907690969548-TOW 3,TOW1
test,23005216047429444-NURSE,NURSE
test,65284800361987-TRIM 1,TRIM2
test,9133366737730977-BICYCLE,BICYCLE
test,5151153258540655-SHOULD,SHOULD
test,8834127761496382-PHILOSOPHY,PHILOSOPHY
test,5053220629984103-REACT,REACT
test,6053165596357593-STEAM,STEAM
test,1943105884607783-SHOULDER 3,SHOULDER2
test,9791003149384241-BRIDGE 2,BRIDGE2
test,8653290819708792-NONSENSE,NONSENSE
test,9949905023093475-HALLOWEEN 2,HALLOWEEN2
test,727165698651332-BITCH,BITCH
test,9453580361061604-RECITE,RECITE
test,03770597796453279-KITE 2,KITE2
test,017713390144021846-IRON 3,IRON2
test,9088017970076372-BOX,BOX
test,734165492123287-SNORKEL,SNORKEL
test,0623311784572147-STOPWATCH,STOPWATCH
test,788961127416397-PUNCH FACE,PUNCHFACE
test,5078625579275946-DECIDE 2,DECIDE2
test,04043562527119238-STORY 1,STORY2
test,8371922603232005-PREDICT,PREDICT
test,03317758437805374-STETHOSCOPE,STETHOSCOPE1
test,9750609324903228-WET,WET
test,16567778176843717-ANGEL,ANGEL
test,8650648900173676-GARAGE,GARAGE
test,6689126613070033-HEAVEN,HEAVEN
test,8327374396140674-FOR,FOR
test,9753025897733882-WEEK,WEEK
test,8023619855424482-INTEREST,INTEREST
test,003600588259862425-EARTHQUAKE,EARTHQUAKE
test,00250137222113489-FINGERSPELL,FINGERSPELL
test,7536943617133283-KEY,KEY
test,250466968646035-ACTION,ACTION
test,7953817494102051-BASIC,BASIC
test,8640668914479799-FILTER,FILTER
test,16704128081511316-OUR,OUR
test,17462612452513637-FOLD,FOLD1
test,1398069020497037-FAKE,FAKE
test,015578627660572053-TEAR RIP_1,TEARRIP1
test,6138220804970762-WEAVE,WEAVE
test,43797213551458936-ADVERTISE,ADVERTISE
test,004670642731728458-DEMOTE,DEMOTE
test,6752935513772733-STACK 3,STACK2
test,8508064878986554-BOAT,BOAT
test,665679691255517-FUNNY,FUNNY
test,8185759366167684-BICYCLE,BICYCLE
test,8124265875499861-SHOULD,SHOULD
test,9517401940513925-PHILOSOPHY,PHILOSOPHY
test,9859423927846924-REACT,REACT
test,6766055184534256-STEAM,STEAM
test,7518846204473044-SHOULDER 3,SHOULDER2
test,3793077236328075-BRIDGE 2,BRIDGE2
test,6022257920943963-NONSENSE,NONSENSE
test,008102538163893058-HALLOWEEN 2,HALLOWEEN2
test,2676825174703126-BITCH,BITCH
test,5981888661543404-RECITE,RECITE
test,16290944139113317-KITE 2,KITE2
test,38079273932010493-IRON 3,IRON2
test,4206562547334971-STETHOSCOPE,STETHOSCOPE1
test,38718743235254904-WET,WET
test,9358614684491513-BOX,BOX
test,3820385984172019-SNORKEL,SNORKEL
test,8781826249799136-STOPWATCH,STOPWATCH
test,4242039982700716-PUNCH FACE,PUNCHFACE
test,7715550883128779-WET,WET
test,862416301899388-ANGEL,ANGEL
test,857303910466829-GARAGE,GARAGE
test,006098866188329222-HEAVEN,HEAVEN
test,04475390430518056-FOR,FOR
test,9623138303455094-WEEK,WEEK
test,3463705826519745-INTEREST,INTEREST
test,29327980444426527-EARTHQUAKE,EARTHQUAKE
test,7833990045723824-FINGERSPELL,FINGERSPELL
test,05725318108650157-KEY,KEY
test,44330837143133484-ACTION,ACTION
test,32234304339296127-BASIC,BASIC
test,7948540495076919-FILTER,FILTER
test,016243545795799896-OUR,OUR
test,5586203147728446-FOLD,FOLD1
test,4037873610638971-WEEK,WEEK
test,7087339925652956-INTEREST,INTEREST
test,8044036197240314-EARTHQUAKE,EARTHQUAKE
test,37824977831118733-FINGERSPELL,FINGERSPELL
test,9976539835529317-BASIC,BASIC
test,6687828124746211-FILTER,FILTER
test,9667755911035811-OUR,OUR
test,31547900714758326-FOLD,FOLD1
test,9169890067860298-FAKE,FAKE
test,2657212736979446-TEAR RIP_1,TEARRIP1
test,8583439063675573-WEAVE,WEAVE
test,07448081743733725-BASIC,BASIC
test,5618344238266828-FILTER,FILTER
test,566703299946792-OUR,OUR
test,777318588281567-FOLD,FOLD1
test,642029395949405-FAKE,FAKE
test,13750831769604122-TEAR RIP_1,TEARRIP1
test,30292543425775187-WEAVE,WEAVE
test,06220534936854305-ADVERTISE,ADVERTISE
test,6536003879263224-DEMOTE,DEMOTE
test,27325879791574637-PIPE 2,PIPE2
test,06683356088247727-STACK 3,STACK2
test,12913801291908267-ADVERTISE,ADVERTISE
test,5785702722732957-DEMOTE,DEMOTE
test,46810575724228576-PIPE 3,PIPE3
test,6639452984195868-STACK 3,STACK2
test,506455732798639-BOAT,BOAT
test,7690191017709807-ADVERTISE,ADVERTISE
test,6076851156134202-FUNNY,FUNNY
test,4393671567213542-DEMOTE,DEMOTE
test,2885130293621099-PIPE 2,PIPE2
test,3887300467708441-STACK 3,STACK2
test,2670110519612501-PIPE 3,PIPE3
test,05612634245915027-BOAT,BOAT
test,31112964157158074-SHAKE 2,SHAKE2
test,5008197933506486-FUNNY,FUNNY
test,3339526168213214-TOW 3,TOW1
test,6534113170163192-NURSE,NURSE
test,5347467939885553-BICYCLE,BICYCLE
test,9338410374057282-SHOULD,SHOULD
test,35175805612085975-PHILOSOPHY,PHILOSOPHY
test,0510253876339144-REACT,REACT
test,6591821166435499-STEAM,STEAM
test,12889775787009272-SHOULDER 3,SHOULDER2
test,5075129380243295-BRIDGE 2,BRIDGE2
test,4574560856439245-SHAKE 2,SHAKE2
test,7597568691981615-TOW 3,TOW1
test,18849432780292963-NURSE,NURSE
test,41921053350651394-TRIM 1,TRIM2
test,8256549600993681-BICYCLE,BICYCLE
test,4217481564871062-PREDICT,PREDICT
test,07986342315967332-PUNCH FACE,PUNCHFACE
test,3662078505299078-NONSENSE,NONSENSE
test,4802645906109231-HALLOWEEN 2,HALLOWEEN2
test,9884425056745461-BITCH,BITCH
test,14443814275029387-RECITE,RECITE
test,9925552023170454-KITE 2,KITE2
test,8762489580047221-IRON 3,IRON2
test,4160016242967206-STETHOSCOPE,STETHOSCOPE1
test,22166151552542646-BOX,BOX
test,7342135796878382-SNORKEL,SNORKEL
test,18497316518740448-STOPWATCH,STOPWATCH
test,32150268193123943-ANGEL,ANGEL
test,46467934926765464-GARAGE,GARAGE
test,386425652972449-HEAVEN,HEAVEN
test,67500751860805-KEY,KEY
test,014176129180728081-SHOULD,SHOULD
test,811325635243209-PHILOSOPHY,PHILOSOPHY
test,5448663240307234-REACT,REACT
test,7424875789105292-STEAM,STEAM
test,9988177255033084-STORY 1,STORY2
test,42181372121741845-ACTION,ACTION
test,824518644428794-FAKE,FAKE
test,4348515228163634-TEAR RIP_1,TEARRIP1
test,09414199070197382-WEAVE,WEAVE
test,002396297201960662-DECIDE 2,DECIDE2
test,04678683031823572-STORY 1,STORY2
test,4857863969659344-ACTION,ACTION
test,5356083044987929-SHOULD,SHOULD
test,34809475583018146-SHOULDER 3,SHOULDER2
test,7259277289021013-PREDICT,PREDICT
test,3322949742311503-BRIDGE 2,BRIDGE2
test,37682398825097363-WET,WET
test,276378081603438-PUNCH FACE,PUNCHFACE
test,5473797976507138-DECIDE 2,DECIDE2
test,521118745947186-ACTION,ACTION
test,77009361399934-NONSENSE,NONSENSE
test,41484418770777887-NONSENSE,NONSENSE
test,70174007090482-HALLOWEEN 2,HALLOWEEN2
test,834441602614211-BITCH,BITCH
test,19777044976758873-RECITE,RECITE
test,7567946854741583-KITE 2,KITE2
test,23805536673237482-IRON 3,IRON2
test,4029178642803317-STETHOSCOPE,STETHOSCOPE1
test,9449430087229107-BOX,BOX
test,8985538217490692-SNORKEL,SNORKEL
test,18566619289415098-STOPWATCH,STOPWATCH
test,7992743188511391-STETHOSCOPE,STETHOSCOPE1
test,9188111127533987-BOX,BOX
test,32098638451895845-ANGEL,ANGEL
test,40702183093924416-GARAGE,GARAGE
test,4565199527046475-HEAVEN,HEAVEN
test,2984047797103577-FOR,FOR
test,30007543768298084-WEEK,WEEK
test,7796514898484361-INTEREST,INTEREST
test,4099319135368893-EARTHQUAKE,EARTHQUAKE
test,4003908720147078-FINGERSPELL,FINGERSPELL
test,5362473558934691-KEY,KEY
test,7234054971481996-PIPE 2,PIPE2
test,93898233031135-PIPE 3,PIPE3
test,7148635013621796-BOAT,BOAT
test,4121507590113387-FINGERSPELL,FINGERSPELL
test,9698069740630193-KEY,KEY
test,9098984638767753-FUNNY,FUNNY
test,7364421823031053-SHAKE 2,SHAKE2
test,35602941432164914-TOW 3,TOW1
test,03729032057219128-FINGERSPELL,FINGERSPELL
test,36787257607169543-NURSE,NURSE
test,24508122846413638-TRIM 1,TRIM2
test,7352020989406225-SHOULDER 3,SHOULDER2
test,7485908334856042-BRIDGE 2,BRIDGE2
test,9171632976844188-KEY,KEY
test,7974891092059726-FUNNY,FUNNY
test,3388256543046215-FUNNY,FUNNY
test,6818453048614443-SHAKE 2,SHAKE2
test,4822900352206667-BICYCLE,BICYCLE
test,6897682903832645-PHILOSOPHY,PHILOSOPHY
test,3479676729448844-REACT,REACT
test,8768868931691114-STEAM,STEAM
test,2555743405149016-HALLOWEEN 2,HALLOWEEN2
test,7376930265453203-PREDICT,PREDICT
test,3300845538187558-BITCH,BITCH
test,29499098308807903-RECITE,RECITE
test,6289677401157654-KITE 2,KITE2
test,7854676962237339-IRON 3,IRON2
test,6006135405633428-WET,WET
test,1713284902866079-SNORKEL,SNORKEL
test,7141199966648981-STOPWATCH,STOPWATCH
test,22446104210297224-BASIC,BASIC
test,17575760530387408-FILTER,FILTER
test,9471965009322212-OUR,OUR
test,6244058875788796-FOLD,FOLD1
test,7200741637021184-ANGEL,ANGEL
test,09463353669349228-FAKE,FAKE
test,7858978327210222-TEAR RIP_1,TEARRIP1
test,8113971295807239-WEAVE,WEAVE
test,1985175620765396-GARAGE,GARAGE
test,9110725231993742-HEAVEN,HEAVEN
test,5636539659239006-FOR,FOR
test,43318386955532273-WEEK,WEEK
test,9844100730450818-INTEREST,INTEREST
test,3265548034800869-EARTHQUAKE,EARTHQUAKE
test,04181961529715594-ADVERTISE,ADVERTISE
test,6420902338249459-DEMOTE,DEMOTE
test,3447200558888701-PIPE 2,PIPE2
test,9192927736176966-STACK 3,STACK2
test,6494794131497512-PIPE 3,PIPE3
test,9697314859923531-BOAT,BOAT
test,9035176099523927-PUNCH FACE,PUNCHFACE
test,5234882668042049-TOW 3,TOW1
test,4044647705399471-NURSE,NURSE
test,6806598376090351-TRIM 1,TRIM2
test,8264253653903522-SHOULD,SHOULD
test,6662152521761497-SHOULDER 3,SHOULDER2
test,9380421515363715-BRIDGE 2,BRIDGE2
test,9584917333856915-STORY 1,STORY2
test,4611522172288529-NONSENSE,NONSENSE
test,421253062053196-ACTION,ACTION
test,5059406510723947-BASIC,BASIC
test,6538107597493239-FILTER,FILTER
test,5139135174342471-OUR,OUR
test,022984269062068075-FOLD,FOLD1
test,9217947486683848-FAKE,FAKE
test,9038948494478249-TEAR RIP_1,TEARRIP1
test,351208542325504-WEAVE,WEAVE
test,20142521790887113-DECIDE 2,DECIDE2
test,8207288825328203-BICYCLE,BICYCLE
test,23618475592824417-PHILOSOPHY,PHILOSOPHY
test,8446347568070265-REACT,REACT
test,18318639038407292-STEAM,STEAM
test,5735214635560155-PREDICT,PREDICT
test,02018717613811094-WET,WET
test,669341845794291-ADVERTISE,ADVERTISE
test,8575155882787744-DEMOTE,DEMOTE
test,6094801187069259-STACK 3,STACK2
test,1226608666641098-SHAKE 2,SHAKE2
test,10729210456791805-PUNCH FACE,PUNCHFACE
test,6330762538400041-TOW 3,TOW1
test,4344032035127605-NURSE,NURSE
test,9691489608253927-TRIM 1,TRIM2
test,15061183744451556-BICYCLE,BICYCLE
test,5590519264155278-SHOULD,SHOULD
test,051264433956726085-PHILOSOPHY,PHILOSOPHY
test,8737259173711911-REACT,REACT
test,9578272207135259-STEAM,STEAM
test,9942035998950023-SHOULDER 3,SHOULDER2
test,9875606599765814-BRIDGE 2,BRIDGE2
test,46438297188357947-STORY 1,STORY2
test,1829972795690673-ACTION,ACTION
test,6855896768158092-DECIDE 2,DECIDE2
test,09959176420970262-SNORKEL,SNORKEL
test,8112903497602761-STOPWATCH,STOPWATCH
test,6806126158088983-GARAGE,GARAGE
test,33283824150632446-HEAVEN,HEAVEN
test,23980304790871032-HALLOWEEN 2,HALLOWEEN2
test,9546657029574077-PREDICT,PREDICT
test,33515061568190596-WET,WET
test,36246828847382373-STETHOSCOPE,STETHOSCOPE1
test,23988559820512312-BOX,BOX
test,44831797327412004-WEEK,WEEK
test,5837779394226952-INTEREST,INTEREST
test,6685742899175267-EARTHQUAKE,EARTHQUAKE
test,9483769752482683-KEY,KEY
test,5862294318132757-BASIC,BASIC
test,06449354422980114-FILTER,FILTER
test,974856329361592-BITCH,BITCH
test,3229083068722043-KITE 2,KITE2
test,4454971400290564-IRON 3,IRON2
test,24635210824172615-STETHOSCOPE,STETHOSCOPE1
test,3713306288544136-BOX,BOX
test,8685252449462082-SNORKEL,SNORKEL
test,15670971950012635-STOPWATCH,STOPWATCH
test,5269201801112162-ANGEL,ANGEL
test,7122809100895224-ANGEL,ANGEL
test,9677772198173906-GARAGE,GARAGE
test,21779578501377417-HEAVEN,HEAVEN
test,4207853041856162-FOR,FOR
test,36411152769215316-WEEK,WEEK
test,38052402121060425-INTEREST,INTEREST
test,3885935230155293-EARTHQUAKE,EARTHQUAKE
test,8519698401753626-FINGERSPELL,FINGERSPELL
test,379016383060532-KEY,KEY
test,31063291926154935-ACTION,ACTION
test,48420481172095786-BASIC,BASIC
test,12824346912978646-FILTER,FILTER
test,5215829466864019-FOLD,FOLD1
test,6249537549972513-TEAR RIP_1,TEARRIP1
test,4856713278281046-WEAVE,WEAVE
test,19423607331119452-ADVERTISE,ADVERTISE
test,9349317827574597-DEMOTE,DEMOTE
test,0020412835964394027-PIPE 2,PIPE2
test,3889459167016627-STACK 3,STACK2
test,5062514169396015-FUNNY,FUNNY
test,04093154212333072-SHAKE 2,SHAKE2
test,289598139494196-PUNCH FACE,PUNCHFACE
test,16127483739381687-TOW 3,TOW1
test,6692725165593363-NURSE,NURSE
test,05547246220404589-TRIM 1,TRIM2
test,2989428971526771-SHOULD,SHOULD
test,3971623129700126-PHILOSOPHY,PHILOSOPHY
test,5084975797533395-REACT,REACT
test,6862666613794319-STEAM,STEAM
test,8190417040513491-SHOULDER 3,SHOULDER2
test,8774313105066134-BRIDGE 2,BRIDGE2
test,7418766363501601-HALLOWEEN 2,HALLOWEEN2
test,4753564494919207-BITCH,BITCH
test,33395272955439137-RECITE,RECITE
test,30779432332767676-KITE 2,KITE2
test,04369668775151525-IRON 3,IRON2
test,26952640734806366-GARAGE,GARAGE
test,9299121251748685-HEAVEN,HEAVEN
test,6836212482714323-PREDICT,PREDICT
test,6023129308188109-FOR,FOR
test,6205432350056654-FINGERSPELL,FINGERSPELL
test,17478729705996376-ACTION,ACTION
test,4798205515294247-OUR,OUR
test,11704055610559916-FOLD,FOLD1
test,4453902578653406-WET,WET
test,5602444282064005-SNORKEL,SNORKEL
test,13093623534440368-STOPWATCH,STOPWATCH
test,6613306144722078-STETHOSCOPE,STETHOSCOPE1
test,537675071184353-BOX,BOX
test,19503396075544632-FAKE,FAKE
test,08621092478166514-TEAR RIP_1,TEARRIP1
test,7191118839459061-WEAVE,WEAVE
test,22494831407409976-PIPE 3,PIPE3
test,7318408341989664-BOAT,BOAT
test,02082538095675779-PIPE 3,PIPE3
test,021735112913929155-BOAT,BOAT
test,5337621109285553-BICYCLE,BICYCLE
test,4455483677317429-DECIDE 2,DECIDE2
test,9094665708491294-STORY 1,STORY2
test,11871272639699426-NONSENSE,NONSENSE
test,08567424245516109-HALLOWEEN 2,HALLOWEEN2
test,3979775092412354-PREDICT,PREDICT
test,05924925390434432-BITCH,BITCH
test,38700761417758756-RECITE,RECITE
test,9805457516208163-KITE 2,KITE2
test,6483023887539339-IRON 3,IRON2
test,46749932034489716-WET,WET
test,5466791667296336-SNORKEL,SNORKEL
test,7936422303219282-STOPWATCH,STOPWATCH
test,45576193792893016-FAKE,FAKE
test,7580292917380598-ANGEL,ANGEL
test,40898801268451423-FUNNY,FUNNY
test,8264157328008421-OUR,OUR
test,2713168545931097-ADVERTISE,ADVERTISE
test,5958939665929022-DEMOTE,DEMOTE
test,8554347237294715-PIPE 2,PIPE2
test,47467264505565-STACK 3,STACK2
test,029013431382439725-KEY,KEY
test,806514008683511-ACTION,ACTION
test,8276476200586438-SHAKE 2,SHAKE2
test,1437527793229092-PUNCH FACE,PUNCHFACE
test,4938680600262477-TOW 3,TOW1
test,06228664230447878-NURSE,NURSE
test,14115458499419264-TRIM 1,TRIM2
test,5072889790068695-REACT,REACT
test,4606740827684772-SHOULDER 3,SHOULDER2
test,3284847225586667-BRIDGE 2,BRIDGE2
test,7633735525759469-DECIDE 2,DECIDE2
test,018587690009356228-STORY 1,STORY2
test,6791514097411562-BICYCLE,BICYCLE
test,7894562102509253-SHOULD,SHOULD
test,5056469124843954-PHILOSOPHY,PHILOSOPHY
test,8242638399173088-GARAGE,GARAGE
test,8298729002537955-HEAVEN,HEAVEN
test,9822619907137469-WEAVE,WEAVE
test,7929301759410894-STACK 3,STACK2
test,14536014786614793-PIPE 3,PIPE3
test,28256179313912355-NONSENSE,NONSENSE
test,5822463684411485-FOR,FOR
test,3241920352709835-WEEK,WEEK
test,9875372584872615-INTEREST,INTEREST
test,5238934222559379-EARTHQUAKE,EARTHQUAKE
test,6922617677685587-BASIC,BASIC
test,7053188475882142-OUR,OUR
test,03964733584048763-FOLD,FOLD1
test,15462711893269443-FAKE,FAKE
test,0677749742689493-TEAR RIP_1,TEARRIP1
test,0643077973919921-PIPE 2,PIPE2
test,46385427452847416-STORY 1,STORY2
test,21548567650023243-ACTION,ACTION
test,1870287141957272-FILTER,FILTER
test,9435603376676149-ADVERTISE,ADVERTISE
test,9739920179792196-DEMOTE,DEMOTE
test,8405049722570563-BOAT,BOAT
test,8391146835708558-DECIDE 2,DECIDE2
test,15422946220110756-NONSENSE,NONSENSE
test,11360563363403875-RECITE,RECITE
test,698074572125073-FUNNY,FUNNY
test,2921651608300657-SHAKE 2,SHAKE2
test,43684375228867767-PUNCH FACE,PUNCHFACE
test,08649963814424133-TOW 3,TOW1
test,3655849740879997-NURSE,NURSE
test,4176479577425152-STEAM,STEAM
test,9816946508926869-PHILOSOPHY,PHILOSOPHY
test,7320674054529681-REACT,REACT
test,2797437560250111-SHOULDER 3,SHOULDER2
test,24722957595092843-BRIDGE 2,BRIDGE2
test,6237359547941168-STORY 1,STORY2
